<?xml version="1.0" encoding="UTF-8"?>

<!DOCTYPE mapper
    PUBLIC "-//mybatis.org//DTD Mapper 3.0//EN"
    "http://mybatis.org/dtd/mybatis-3-mapper.dtd">


<mapper namespace="book">

	<select id="searchAll" resultType="Book">
		select * from Book
	</select>

	<insert id="insert">
		insert into book(isbn,title,catalogue,nation, publish_date, publisher,
		author,price,currency, description) values
		(#{isbn},#{title},#{catalogue},#{nation},now(),#{publisher},
		#{author},#{price},#{currency},#{description})
	</insert>

	<update id="update">
		update book set
		title=#{title},author=#{author},publisher=#{publisher},price=#{price},description=#{description} where isbn=#{isbn}
	</update>

	<select id="search" resultType="Book">
		select * from book where isbn = #{value}
	</select>
	<delete id="delete">
 		delete from book where isbn = #{value}"
	</delete>
</mapper>
    
