<?xml version="1.0" encoding="UTF-8"?>

<!DOCTYPE mapper
    PUBLIC "-//mybatis.org//DTD Mapper 3.0//EN"
    "http://mybatis.org/dtd/mybatis-3-mapper.dtd">

<mapper namespace="com.ssafy.todo.dao.TodoDao">
	
	<select id="findTodoList" resultType="Todo" parameterType="String">
		select * from todolist where userid = #{id}
	</select>
	<select id="findTodo" resultType="Todo" >
		select * from todolist where no = #{no}
	</select>
	<update id="modifyTodo" parameterType="Todo">
		update todolist set
		content = #{content}
		,end_date = #{end_date}
		where no = #{no} 
	</update>
	<update id="completeTodo" parameterType="int">
		update todolist set
		done = "Y"
		where no = #{no}
	</update>
	<insert id="addTodo" parameterType="Todo">
		insert into todolist (content, userid, write_date, end_date, done)
		values (#{content}, #{id}, #{write_date}, #{end_date}, #{done})
	
	</insert>
	<delete id="removeTodo" parameterType="int">
		delete from todolist where no = #{no} 
	</delete>
</mapper>







