﻿<?xml version="1.0" encoding="UTF-8"?>

<!DOCTYPE log4j:configuration SYSTEM "log4j.dtd">

<log4j:configuration 

    xmlns:log4j="http://jakarta.apache.org/log4j/">
    
        <!-- 
    Log4j PatternLayout 형식
   %c : 카테고리를 출력 
   %p : 로깅 레벨을 출력 
   %m : 로그 내용 
   %d : 로깅 이벤트가 발생한 시간, yyyy-MM-dd, HH:mm:ss 등 시간 형식을 사용 
   %t : 로깅 이벤트를 발생한 스레드의 이름 
   %% : % 
   %n : 개행 
   %C : 클래스 이름 
   %F : 로깅이 발생한 파일 이름 
   %I : 로깅이 발생한 호출자 정보 
   %L : 로깅이 발생한 라인수 
   %M : 로깅이 발생한 메소드 이름 
   %r : 애플리케이션 시작 이후부터 로깅이 발생한 시점의 시간 
   %x : 로깅이 발생한 스레드와 과련된 NDC 
   %X : 로깅이 발생한 스레드와 과련된 MDC
     -->
    
    <appender name="console" 
    	class="org.apache.log4j.ConsoleAppender">
    	<layout class="org.apache.log4j.PatternLayout">
    		<param name="ConversionPattern"  value="%d %5p [%c] %m%n"/>
    	</layout>
    </appender>
    

    
    <logger name="book">
    	<level value="trace" />
    	<appender-ref  ref="console" />
    </logger>
     <logger name="org.springframework.core">
    	<level value="info" />
    	<appender-ref  ref="console" />
    </logger>   
</log4j:configuration>
