<?xml version="1.0" encoding="UTF-8"?>

<!DOCTYPE mapper
    PUBLIC "-//mybatis.org//DTD Mapper 3.0//EN"
    "http://mybatis.org/dtd/mybatis-3-mapper.dtd">

<mapper namespace="com.ssafy.book.dao.BookDao">

	<select id="searchAll" resultType="Book">
		select * from book
	</select>
	<select id="search" parameterType="string" resultType="Book">
		select *
		from book where isbn = #{isbn}
	</select>
	<select id="count" resultType="int">
		select count(*) as cnt from
		book
	</select>
	<insert id="insert" parameterType="Book">
		insert into book ( isbn
		, title
		, catalogue
		, nation
		, publish_date
		, author
		, price
		, currency
		, publisher
		, description )
		values (#{isbn}
		, #{title}
		, #{catalogue}
		, #{nation}
		, #{publish_date}
		, #{author}
		, #{price}
		, #{currency}
		, #{publisher}
		, #{description})
	</insert>
	<update id="update" parameterType="Book">
		update book set
		title = #{title}
		, catalogue = #{catalogue}
		, nation = #{nation}
		, publish_date = #{publish_date}
		, author = #{author}
		, price = #{price}
		, currency = #{currency}
		, publisher = #{publisher}
		, description = #{description}
		where isbn= #{isbn}
	</update>
	<delete id="delete" parameterType="string">
		delete from book where isbn=
		#{isbn}
	</delete>

	<select id="searchByCondition" resultType="Book"> <!-- 전ㅊㅔ 매칭이 아니라 하나의 타입에 맞는 리절트타입 -->
		<!-- dynamic query -->
		select * from book
		<where>
			<if test="title !=null">
				title like concat('%',#{title},'%') <!-- 포함검색 -->
			</if>
			<if test="author != null">
				and author = #{author}
			</if>
		</where>
	</select>
	
	<select id="login" resultType="String" parameterType="UserInfo">
		select id from userinfo where id = #{userId} and pw = #{password}
	</select>
	
	
	<select id="mypage" resultType="UserInfo">
		select * from userinfo where id = #{userId}
	</select>
	
	<update id="updateMyPage" parameterType="UserInfo">
		update userinfo set
		pw = #{password}
		where id= #{userId}
	</update>
	
</mapper>







