<?xml version = "1.0" encoding = "UTF-8"?>
<song-list>
	<top rank="1">
		<title>시작</title>
		<singer isGroup="false">가호</singer>
		<release-date>
			<year>2020</year>
			<month>02</month>
			<day>01</day>
		</release-date>
	</top>
	<top2>
		<title>ON</title>
		<singer isGroup="true">방탄소년단</singer>
		<release-date>
			<year>2020</year>
			<month>02</month>
			<day>21</day>
		</release-date>
	</top2>
	<top3>
		<title>아무노래</title>
		<singer isGroup="false">지코</singer>
		<release-date>
			<year>2020</year>
			<month>01</month>
			<day>13</day>
		</release-date>
	</top3>
	<top4>
		<title>시작</title>
		<singer isGroup="false">가호</singer>
		<release-date>
			<year>2020</year>
			<month>02</month>
			<day>01</day>
		</release-date>
	</top4>
	<top5>
		<title>흔들리는 꽃들 속에서 네 샴푸향이 느껴진거야</title>
		<singer isGroup="false">장범준</singer>
		<relase-date>
			<year>2019</year>
			<month>08</month>
			<day>23</day>
		</relase-date>
	</top5>
</song-list>
