<?xml version="1.0" encoding="UTF-8"?>
<songs>
	<song rank = "1">
		<singer group="false">가호</singer>	
		<title>시작</title>
		<release>2020.02.01</release>
	</song>	
	
	<song rank = "2">
		<singer group="false">김필</singer>	
		<title>그때 그 아인</title>
		<release>2020.02.15</release>
	</song>
	
	<song rank = "3">
		<singer group="false">지코</singer>	
		<title>아무노래</title>
		<release>2020.01.15</release>
	</song>
	
	<song rank = "4">
		<singer group="false">하현우</singer>	
		<title>돌덩이</title>
		<release>2020.02.07</release>
	</song>
	
	<song rank = "5">
		<singer group="false">아이유</singer>	
		<title>마음을 드려요</title>
		<release>2020.02.15</release>
	</song>
</songs>